{
    "X": [
        [
            -0.08487465,
            3.12337655
        ],
        [
            -2.3056973509960836,
            4.366299907979102
        ],
        [
            -0.6397986824418224,
            0.33061877429854214
        ],
        [
            -0.2549735031667271,
            -0.6209187339489234
        ],
        [
            1.5730062315464435,
            -3.860878925167085
        ],
        [
            -3.9277626133982415,
            6.060963648590818
        ],
        [
            1.1054741079293322,
            -3.9183439767251103
        ],
        [
            0.265706842203051,
            2.4724616571228095
        ],
        [
            1.3922532789361937,
            -2.726868643637001
        ],
        [
            2.876666344145356,
            -5.2267102675001444
        ]
    ],
    "Y": [
        [
            0.47821175944691874,
            0.8164576649880352,
            0.16353016343301485
        ],
        [
            0.4991414056570965,
            0.5206017611793133,
            0.808391031404955
        ],
        [
            0.953120740422425,
            0.889970115799316,
            0.833176047927449
        ],
        [
            0.8998965994299223,
            0.8051121299608592,
            0.7156899416920379
        ],
        [
            0.6694959320589554,
            0.24446497410234713,
            0.23315312552852308
        ],
        [
            0.0007306216122348053,
            0.4609786732594444,
            0.46898845177862136
        ],
        [
            0.6378662580749491,
            0.09444983906686144,
            0.5364956110232024
        ],
        [
            0.5373329109632026,
            0.976528369237895,
            0.04904848841370357
        ],
        [
            0.6922788254265979,
            0.5941326005815857,
            0.017053299960689938
        ],
        [
            0.8698928121321845,
            0.16487511638939711,
            0.02742038201102137
        ]
    ],
    "kernel": {
        "input_dim": 2,
        "active_dims": [
            0,
            1
        ],
        "name": "rbf",
        "useGPU": false,
        "variance": [
            3.933673759237089
        ],
        "lengthscale": [
            7.725038541879445
        ],
        "ARD": false,
        "class": "GPy.kern.RBF",
        "inv_l": false
    },
    "likelihood": {
        "name": "Gaussian_noise",
        "gp_link_dict": {
            "class": "GPy.likelihoods.link_functions.Identity"
        },
        "class": "GPy.likelihoods.Gaussian",
        "variance": [
            5.426002646708098e-10
        ]
    }
}